POP,MONTH,1998,1999,2000,2001,2002,2003,2004,2005,2006,2007,2008,2009,2010,2011,2012,2013,2014,2015,2016,2017,2018
BER,Jan,-0.504095,-4.08037,-5.76032,-5.51091,-1.9263,-6.88093,-8.0432,-5.02652,-1.31538,-1.76036,-3.64034,-6.52491,-4.90286,-7.31771,-2.4958,-3.48218,-9.001,-6.5583,-5.67459,-1.64973,-6.50907
BER,Feb,-0.547359,-3.29142,-3.14173,-3.29489,-3.09056,-6.52499,-4.84515,-3.94559,-4.30818,-6.91064,-3.30092,-3.73709,-4.57057,-3.98623,-1.80643,-3.79429,-6.10814,-10.6361,-2.94946,-0.433383,-0.740527
BER,Mar,1.37174,-0.753005,1.31225,-0.940405,0.737964,-0.268508,1.25919,-1.67269,-0.112675,-0.878248,0.464269,-0.370906,2.46244,0.214584,4.12938,-0.963377,-3.39931,-3.09816,2.39014,-0.709597,-1.18682
BER,Apr,5.19358,3.94218,4.55445,5.14764,6.29563,4.05587,5.37688,4.4716,5.24302,4.02732,5.93797,5.68939,6.28715,7.14968,4.80626,4.75266,3.61437,4.77234,3.46628,7.77138,2.70778
BER,May,11.5074,9.5685,10.7481,10.4785,9.2708,8.64107,13.5545,7.1499,9.82571,9.92682,8.57533,10.9261,11.8465,12.2987,13.1572,10.4601,10.8081,12.3496,10.39,10.3783,12.9926
BER,Jun,14.8353,14.9939,15.9859,17.0282,15.2805,14.8858,15.1687,16.7385,16.3562,15.7253,17.0365,15.1678,17.432,16.2366,14.834,16.197,15.3796,16.6346,15.0255,16.0058,16.3863
BER,Jul,17.7721,19.1781,16.742,16.018,18.4117,18.6914,18.232,19.39,19.8279,17.7727,18.9873,16.8508,19.9531,20.1701,19.821,20.7394,17.7906,18.9004,19.8056,19.0687,19.4837
BER,Aug,17.4182,17.4944,17.1082,19.2868,18.2276,18.8917,17.3591,19.3603,18.1169,17.8022,15.6281,19.082,18.1017,17.656,18.3782,16.6685,15.6041,16.977,19.2695,16.9281,20.6155
BER,Sep,14.009,14.5099,11.9965,11.86,13.4016,14.389,13.9608,14.136,12.7946,13.1994,14.1348,13.0235,14.3575,15.9085,13.4738,11.1121,13.6482,14.9008,14.8073,14.9234,17.81
BER,Oct,7.13324,5.33895,6.51035,6.52104,7.89085,5.59591,6.89079,8.96247,6.31333,10.9913,5.64421,6.93309,7.60879,7.57922,8.59763,8.17967,8.0884,6.17975,7.72441,10.432,9.05567
BER,Nov,1.03682,3.6857,0.82997,2.61878,1.08317,3.70771,2.24048,2.22293,5.1633,1.26229,2.15761,4.62865,1.7384,3.90127,-0.594129,0.164331,0.658153,3.61862,1.73201,1.20968,1.31391
BER,Dec,-1.0611,-1.34839,-6.5514,-0.269987,-3.86451,-2.81335,-2.88862,-4.02718,-0.438167,-1.79783,-2.03779,-2.90713,-5.03618,-0.714156,0.520255,-2.29149,-0.296577,4.72151,-2.35673,-3.9835,-1.20912
BRU,Jan,7.32885,6.62646,5.1089,3.01665,5.2518,1.92626,2.98703,6.37047,6.80062,6.75022,4.51411,4.56373,1.69783,1.86743,5.0154,9.07604,2.25574,4.95507,3.90523,8.83339,2.14198
BRU,Feb,8.24991,7.95761,5.87797,9.44661,4.64875,5.70645,5.35812,6.25061,4.53244,4.57714,6.08364,3.73527,2.30746,7.44981,8.21274,7.32854,6.32503,3.46197,5.5096,9.74499,11.7619
BRU,Mar,8.72118,7.96277,11.1433,10.1811,9.44604,12.2921,9.0005,7.92611,8.4251,9.66363,8.7398,9.84603,6.71172,9.79806,13.5703,6.38435,7.07407,11.3125,11.0733,9.92745,7.08393
BRU,Apr,13.7619,15.1867,11.237,13.295,16.1523,12.3983,10.9665,10.0526,13.8454,10.6715,12.3516,13.1993,12.1666,13.5511,13.5992,13.5024,12.8848,16.241,11.9111,14.5088,11.4185
BRU,May,18.7117,16.5142,18.6233,16.6465,17.1168,18.3293,18.4594,15.5086,16.3167,16.4031,17.3397,19.1439,19.3127,17.0068,18.348,16.962,16.9357,17.1872,17.3062,17.5916,18.0374
BRU,Jun,22.99,21.2241,21.117,21.1537,21.6844,21.4329,22.1558,21.5363,19.6088,20.9898,21.6774,23.1273,22.4555,21.5528,20.2956,22.929,21.2976,21.4884,22.1608,21.8471,21.7933
BRU,Jul,24.1555,23.4903,22.4674,22.4349,22.3041,22.8428,22.6001,23.4668,22.2127,22.4969,22.4783,23.1381,23.6352,23.2669,23.9752,22.5481,22.9183,22.8214,23.7488,23.3465,22.6141
BRU,Aug,23.1625,23.4815,22.5288,21.9016,21.8006,22.7956,22.0324,23.3916,23.4692,23.9932,23.0553,23.1675,24.1319,23.3183,23.1748,22.7661,23.2215,22.5927,23.3941,23.1472,22.384
BRU,Sep,22.3346,20.4598,20.4945,18.569,22.6912,19.4084,21.6772,21.1821,19.7665,20.9222,20.3981,21.3115,20.6355,19.3024,20.7782,20.669,21.0289,20.552,20.9328,20.1913,22.0388
BRU,Oct,16.1323,16.0845,13.2459,12.2061,17.8422,14.7904,16.5166,15.2245,12.7681,17.915,13.265,16.7874,13.2729,12.3637,15.9355,14.6648,13.9387,15.3758,15.8101,16.279,16.3263
BRU,Nov,13.3067,10.397,8.87898,10.92,8.26785,10.829,12.2974,10.3658,8.89167,8.30137,7.07521,10.3414,8.18953,9.57613,8.1369,9.86049,6.51241,13.3008,10.2085,9.28291,9.83419
BRU,Dec,9.27997,5.85212,2.58733,7.85871,4.58326,2.33812,4.40418,4.15636,8.70863,7.77111,7.71999,6.59715,0.222666,7.73,8.16984,8.16956,7.71425,11.5166,8.48198,6.64744,7.86927
NVA,Jan,1.81899,0.818843,-2.05299,-2.61829,-0.737564,-3.58558,-3.20871,-0.220679,1.85249,0.9981,-1.38712,-2.74105,-3.49378,-3.72166,-0.297561,-0.292447,-5.48662,-3.09047,-3.1156,0.389172,-5.28788
NVA,Feb,2.17083,0.248066,0.219247,0.0285396,-0.978917,-1.37318,-1.18314,-0.168954,-1.57978,-2.28409,1.00098,-1.11269,-2.95427,0.136759,-0.077102,-1.43206,-0.852552,-6.0134,-0.859015,1.91294,3.14273
NVA,Mar,4.22261,1.72853,5.21577,1.83656,3.63175,4.64302,4.30234,1.35585,2.50116,4.29334,4.13775,3.09086,3.39424,3.01534,7.23243,-0.326019,0.212214,2.11343,6.1243,2.07866,0.00908348
NVA,Apr,8.64285,9.10158,8.15228,7.57133,9.02645,8.32279,8.25868,7.41986,8.65554,7.05319,8.89732,7.85733,8.34176,9.71585,7.23979,8.1979,7.88531,7.98665,7.14411,11.0769,4.6509
NVA,May,15.0185,12.0487,14.4192,11.9298,11.8734,13.7703,16.1838,10.9979,10.7478,12.0233,11.5164,14.1169,15.3715,13.3653,14.9232,12.0017,14.1508,13.8382,12.7522,13.0023,16.1966
NVA,Jun,19.96,17.1897,19.0459,18.5299,17.2854,17.3521,18.7981,17.9612,17.1922,17.8764,19.2205,18.4802,20.9332,18.6258,15.6073,18.517,18.1209,19.0999,17.037,16.6991,18.3432
NVA,Jul,20.9335,21.1909,19.6331,18.0721,20.4903,20.5577,20.4696,21.773,20.2057,18.9396,19.9541,19.2155,21.0435,20.7584,21.5662,21.376,19.7625,20.2753,21.0107,20.3413,18.8646
NVA,Aug,19.6709,19.9598,19.0412,19.2796,18.7037,20.7493,18.4541,20.5538,20.4141,21.1346,19.0469,20.8443,20.8708,19.5232,19.5547,18.6159,18.9106,18.0847,20.7608,18.6072,19.1594
NVA,Sep,16.6825,15.1506,15.8757,13.2545,16.9797,15.192,16.5382,17.4299,15.0041,15.7433,17.0832,15.3504,16.846,16.8679,14.5795,14.3966,17.1108,16.6727,18.0716,14.6403,19.0786
NVA,Oct,8.17896,8.10503,7.08582,5.86572,11.3194,8.15792,10.2187,10.4206,8.08207,12.0258,7.43184,9.06362,9.04339,7.14479,8.65565,10.3739,9.39949,8.14146,9.94316,9.35122,9.40986
NVA,Nov,3.92684,5.31007,1.33707,4.49535,2.77814,5.88627,4.52489,3.45336,3.88707,3.13572,2.77958,5.52712,2.81703,4.06664,-0.0225784,1.6369,0.573989,5.86323,2.38328,1.49037,2.285
NVA,Dec,2.64632,0.185461,-4.92778,1.18622,-1.37581,-1.69083,-0.940442,-2.09001,1.34816,2.83299,1.06286,-1.38541,-4.68421,1.00924,2.14567,0.751192,0.329733,6.33573,-0.598891,-1.53445,0.323312
NEW,Jan,0.155589,-4.30116,-5.35759,-4.6345,-1.00012,-6.43849,-8.13367,-5.18745,-0.955148,-1.69442,-2.65483,-7.4524,-4.7622,-7.05133,-2.70824,-3.16987,-8.05869,-6.59746,-4.72795,-0.856735,-6.21807
NEW,Feb,0.401212,-1.74862,-2.10804,-3.19792,-1.49963,-5.82429,-3.70819,-3.02268,-3.32846,-6.74556,-2.81839,-3.6156,-3.0251,-4.59656,-0.909607,-3.46535,-6.50122,-11.1529,-2.96583,-0.854038,-0.446666
NEW,Mar,2.14588,0.456501,2.7346,-0.149164,1.14269,-0.117194,1.70026,-1.21373,0.844932,-0.918688,0.691428,-0.0761786,3.36748,0.476819,4.45585,0.0502985,-2.76863,-2.52992,2.82531,-1.2933,-0.208972
NEW,Apr,6.48688,5.66531,5.3852,5.76929,6.91671,4.55671,6.44421,6.05257,6.291,4.61342,6.10828,6.06294,6.95886,6.8574,5.87324,5.42582,4.68613,5.60617,4.81235,8.2199,3.72389
NEW,May,12.3441,11.2853,11.8601,11.8746,9.83763,9.92412,13.2721,9.21596,11.5035,11.4645,8.9796,11.1613,12.1174,12.7092,13.6354,10.8435,11.9903,12.9388,10.9927,11.112,13.4683
NEW,Jun,15.8866,17.0924,16.4922,17.5538,16.2466,15.6144,16.2727,18.2067,17.1334,16.3506,17.139,15.4518,17.2586,16.7575,15.9171,17.1235,16.5977,16.7099,15.7169,16.5801,16.2031
NEW,Jul,19.2947,20.9516,17.5239,17.1552,20.2028,19.5432,18.8643,20.7819,20.5485,18.5355,19.5312,17.3548,20.2552,20.375,20.2199,21.7529,19.1083,19.8938,20.1334,19.6638,19.9872
NEW,Aug,19.116,18.791,18.1633,20.0719,19.3332,20.0608,18.4807,20.9717,18.8672,18.2717,16.116,19.3611,18.5357,18.5423,18.3173,17.9238,17.0248,18.5615,20.0949,17.8256,21.0524
NEW,Sep,15.1666,15.6325,13.5759,13.2394,14.9195,15.5035,15.6201,15.8498,13.6373,14.6829,14.8908,13.1589,14.729,16.41,14.1838,12.4844,14.4308,15.73,15.3273,15.6468,17.4612
NEW,Oct,8.90704,6.89725,7.53485,7.36228,7.88545,6.8191,8.19898,9.63641,7.35684,11.82,5.94707,7.25958,8.01657,7.99201,9.41227,8.90156,9.56354,7.22296,8.23967,11.4961,9.11918
NEW,Nov,3.15093,4.50125,2.45587,4.41608,2.27271,4.91754,3.65129,2.86888,6.31823,2.1257,2.60403,5.21573,2.7139,3.99122,0.526171,1.07645,1.27676,4.97114,3.35027,1.59848,1.90626
NEW,Dec,0.406256,-0.530405,-5.37463,0.977668,-2.50151,-1.80656,-1.79051,-3.48025,0.819769,-1.26416,-2.30771,-2.66317,-4.33075,-0.144923,0.494017,-2.11025,0.760487,4.55545,-1.73727,-2.91776,-0.282073
MAN,Jan,1.34398,-1.92559,-3.04349,-3.84854,-1.04021,-4.79017,-5.69715,-2.18319,0.610132,-0.199775,-2.19006,-5.24248,-3.31392,-4.47207,-1.42828,-1.1528,-6.69601,-4.0828,-4.53998,0.777162,-4.74554
MAN,Feb,1.77813,-0.858474,-0.38269,-1.4979,-1.62726,-3.6923,-2.85985,-1.53265,-2.44314,-5.57805,-1.39043,-2.06995,-4.39189,-1.58839,0.202049,-1.80562,-3.34787,-7.90914,-1.43325,1.30372,1.43681
MAN,Mar,3.36206,1.12311,3.93555,0.294383,2.13077,1.86289,2.84586,0.425544,2.26068,2.16056,2.80847,1.38425,4.12386,2.0829,7.1164,0.361872,-1.40039,-0.148529,4.83945,1.95964,-0.0372226
MAN,Apr,7.58923,6.77143,7.22737,6.81259,8.3055,6.55127,7.90616,7.11323,8.06128,6.17652,8.40877,7.23339,7.86102,8.34586,6.98955,7.5958,6.31072,7.12878,6.47313,10.902,5.66381
MAN,May,14.536,11.6607,13.3158,11.4338,11.1993,12.0572,15.9584,10.1869,11.7549,12.7324,10.5771,13.0197,14.082,14.0597,15.8211,12.3386,13.0756,15.2963,12.4179,12.3358,15.7909
MAN,Jun,17.4852,17.1579,18.0098,17.639,17.4608,16.7718,17.2321,18.2211,17.3455,17.5133,18.0097,17.7958,19.9073,18.6527,17.1041,18.6266,18.2082,19.1785,17.898,17.4871,17.9745
MAN,Jul,19.7795,21.1244,18.0276,17.442,20.6111,20.2048,20.2732,21.5524,21.282,19.0485,19.8393,18.4718,20.9308,21.7755,22.4192,21.8297,19.2856,20.8991,21.7935,20.9543,20.2733
MAN,Aug,19.7501,19.6457,18.6647,20.0571,20.4126,20.8211,18.7253,21.0028,20.3995,20.2903,17.6448,20.4271,20.4567,19.9835,20.7426,18.8306,18.0819,18.8065,21.3182,18.8993,20.8666
MAN,Sep,17.4238,15.5655,14.0031,13.176,15.8803,16.2715,16.098,16.3516,14.4991,15.1135,16.1088,15.3267,15.9606,17.0486,14.7643,13.726,16.1608,16.8609,18.4858,15.831,19.5133
MAN,Oct,8.86491,7.0689,7.98,6.80195,9.50273,7.53968,8.76946,10.5977,7.76047,11.7022,7.27674,8.61077,8.76663,8.64183,9.36925,9.98485,9.64055,7.8857,10.2895,11.4198,11.0819
MAN,Nov,2.56155,5.21906,1.06661,4.15008,2.54057,5.47164,4.3174,3.28046,5.01054,2.97814,2.86395,5.24038,2.87309,4.36728,1.09874,1.32958,1.58852,5.19813,2.9972,3.04329,2.79672
MAN,Dec,1.14639,-0.113889,-5.66133,0.503876,-2.83804,-1.44644,-1.46906,-2.90782,0.203532,0.145732,-0.588931,-2.12493,-3.9084,0.745833,1.64263,-0.18637,0.63089,5.09342,-0.458666,-2.30507,0.675906
JAC,Jan,8.61778,8.20863,6.74958,3.73531,8.35147,3.10369,5.9289,9.42731,9.24431,9.59872,6.52279,6.3911,3.76789,4.70848,7.53492,10.9905,5.19092,7.99137,6.81611,10.4499,5.12295
JAC,Feb,9.20373,9.72046,7.58991,10.7669,8.33484,8.22323,8.15935,8.85173,7.38582,6.92265,8.15674,6.03485,4.34987,9.99586,11.2458,9.43021,9.71044,6.65361,8.20762,11.3779,13.7515
JAC,Mar,9.25756,8.55415,12.4271,10.6629,12.5742,14.3082,11.987,10.629,10.9009,11.7153,10.7144,11.8622,8.51195,12.1569,15.2016,7.45803,10.6109,14.3263,14.4604,11.9776,9.31969
JAC,Apr,14.2834,16.5747,12.1869,13.5539,18.1804,14.4214,13.3005,12.8226,16.6248,13.0658,14.4909,14.614,14.3862,15.8042,16.1451,15.4659,15.8341,18.8551,16.1786,16.1083,14.2964
JAC,May,19.0545,17.2226,18.8199,17.1938,18.8312,20.1353,19.4905,17.8026,18.5721,18.0751,18.836,19.8462,20.7829,18.2392,19.8968,17.8805,19.192,20.3755,18.9344,18.0528,19.1402
JAC,Jun,22.7457,21.7651,21.2806,21.8616,22.0561,22.2664,22.7932,23.2502,22.2165,21.6374,21.7684,23.2971,23.0088,22.1385,22.1351,23.0843,22.5088,23.1149,22.9921,21.912,22.289
JAC,Jul,23.982,24.0641,22.2013,23.3661,22.8229,23.0776,23.3275,24.4587,23.1945,23.2486,22.7471,23.2974,24.2669,23.4196,24.1543,23.1233,23.7768,24.0556,24.3865,23.2928,22.9393
JAC,Aug,23.1386,24.2048,22.2137,22.9874,22.678,23.3692,23.4072,24.8048,23.9193,24.1635,23.4862,23.672,24.8594,24.1628,23.343,23.9579,24.2115,23.9996,24.5221,23.4499,22.9352
JAC,Sep,22.9043,21.4802,22.1147,20.6334,23.3046,21.3959,23.2435,23.028,22.1229,22.671,22.1801,22.9886,22.4698,21.4938,22.6058,22.3784,22.6882,23.1996,22.5749,21.6861,23.189
JAC,Oct,18.5185,17.3413,15.3383,16.1351,19.6715,17.7366,18.5045,18.1309,15.8629,19.951,16.0096,19.2957,15.2985,15.06,18.0403,17.6496,16.8123,18.78,17.9555,18.8359,18.4413
JAC,Nov,15.3853,11.752,9.97516,14.0811,9.99577,13.8145,13.8983,13.3237,9.82113,10.2322,9.2944,12.6634,10.9068,12.511,9.96639,13.5712,9.71621,17.1433,12.9567,12.5668,12.1002
JAC,Dec,11.4252,7.55296,4.55559,11.8574,6.44043,5.64296,7.0509,6.87914,11.7344,9.65113,9.72553,9.75997,1.94062,10.7493,9.6149,11.3559,10.7019,15.8493,11.1982,9.40278,9.55213
FEM,Jan,13.4001,13.1924,10.6495,6.65367,10.5269,5.41151,9.07803,11.3174,10.901,13.9262,12.3587,8.32001,6.35641,9.10082,9.69451,14.0895,9.9496,11.7464,10.612,11.1827,10.5553
FEM,Feb,11.8257,11.8642,11.5832,14.7048,11.5767,11.7025,12.0838,11.2426,9.15209,10.6102,13.9846,9.75702,6.85438,12.2468,14.4815,12.0365,13.4838,9.9261,10.4874,12.7221,17.9922
FEM,Mar,13.3101,11.729,15.4366,13.8199,14.9701,17.209,14.4833,12.8456,12.9423,15.4602,14.6239,13.6739,9.72546,13.6034,16.2843,8.70003,13.5567,16.9121,16.6303,14.2626,11.625
FEM,Apr,16.9756,16.1561,15.0229,16.315,18.0977,15.3978,14.3178,13.5814,17.3482,15.1103,15.4439,15.8052,16.434,17.3117,16.3656,18.5603,16.6381,19.3938,16.5341,18.3118,16.7449
FEM,May,19.3667,18.1595,20.2876,19.4464,20.6104,20.2803,19.7867,19.1892,17.723,20.0271,19.8798,20.0995,21.1164,19.1416,20.3864,18.7675,19.6608,20.5087,19.1022,19.9564,20.7002
FEM,Jun,23.3907,22.4446,22.1474,21.569,21.9469,22.2486,22.2343,22.941,22.2535,21.9485,21.8776,22.579,23.3288,22.0202,22.176,22.9119,21.2983,22.1118,23.1548,23.32,22.7249
FEM,Jul,23.5201,23.2283,22.5342,22.9021,22.65,22.4817,22.4486,24.3514,22.9665,23.0495,22.2375,22.5599,24.276,23.3721,22.5617,22.9761,22.7755,22.6245,23.8682,23.8128,23.54
FEM,Aug,23.7902,23.4172,22.6694,22.4263,22.774,22.6784,23.0802,23.7705,22.627,23.8492,23.3484,23.6477,24.0752,23.8059,22.8192,23.5433,23.3345,23.2808,24.0064,24.1443,24.0291
FEM,Sep,23.9197,22.7038,23.0891,21.6631,23.5828,22.3806,24.3533,22.979,22.0234,23.2479,23.4973,22.7422,23.4254,22.6078,22.2786,22.1591,22.2741,23.1402,23.3631,23.6817,24.0028
FEM,Oct,21.7451,20.8543,18.7418,20.1064,20.184,19.5952,19.8216,20.3942,18.0183,23.2806,19.5355,19.8137,17.5668,18.7383,19.6873,18.8928,18.1571,20.7214,21.359,21.1639,21.7319
FEM,Nov,17.3184,16.5008,13.2497,16.3855,12.8189,17.2219,16.4323,16.4023,14.1563,15.0253,12.2383,15.5548,14.2268,17.3247,12.7493,18.0996,13.1041,20.3576,14.9702,17.6756,16.2953
FEM,Dec,15.0639,12.336,10.8438,14.7143,10.2683,10.022,11.0259,11.0248,17.0919,14.775,13.196,13.5663,4.45072,15.2906,12.5984,15.6459,13.1397,18.9596,15.8598,12.8355,13.0691
FAY,Jan,4.89803,3.73275,0.178546,0.488651,2.30746,-1.26341,-0.634162,2.01859,4.14388,2.63946,0.34747,0.0382241,-1.71736,-2.02513,2.12996,2.23546,-2.9541,-0.314066,0.066678,3.70232,-2.99671
FAY,Feb,5.61996,3.19666,2.98565,3.43157,2.24824,1.50909,1.30481,2.26903,1.13979,0.293898,2.88148,0.913734,-1.28652,2.42163,2.47808,0.965761,1.22006,-2.74932,2.19005,4.81384,6.97932
FAY,Mar,7.31341,3.95116,6.83343,5.16068,7.14775,7.70014,5.87758,3.69835,5.27394,5.47383,5.80975,5.1819,5.02918,4.89759,9.59357,2.07952,2.10676,4.88232,8.76821,4.33023,3.12664
FAY,Apr,11.7717,11.2434,9.70936,10.402,13.1276,10.4725,10.7435,9.19612,10.7421,8.74153,10.415,9.83803,10.0492,11.2619,9.57431,10.2346,9.90148,11.101,9.53039,13.4779,7.55677
FAY,May,17.5568,13.9638,15.9977,14.6657,14.6118,15.82,18.4074,12.6973,13.5976,13.3039,13.2535,15.7984,17.1129,15.1849,16.6218,14.2256,15.8662,15.2457,15.0759,15.8739,18.5404
FAY,Jun,21.6271,18.992,19.8871,20.4725,19.9438,19.8209,20.3713,19.7349,18.9379,18.6361,20.4362,20.0513,21.7487,20.2006,17.2032,19.765,19.3419,20.8886,19.6849,19.2563,20.6588
FAY,Jul,22.7876,22.5376,20.547,20.2511,22.4151,21.8106,21.5397,22.9638,21.5035,20.0363,20.2299,20.1951,21.8462,22.2307,22.5705,22.1016,20.5639,21.7952,22.6716,22.4083,21.1547
FAY,Aug,21.6239,21.644,20.1818,20.7829,21.1604,22.0979,19.1816,22.0724,21.7879,22.0297,20.0659,21.5013,21.692,21.1863,21.0224,20.0175,19.9695,20.1147,22.4323,20.9236,21.3171
FAY,Sep,19.0617,16.8673,17.2783,15.6821,19.3734,17.0418,17.0832,19.4843,16.2579,17.0908,17.9443,16.8671,17.8406,18.013,16.3647,15.974,18.5027,18.7886,19.7234,16.9767,20.9352
FAY,Oct,11.1014,10.7836,9.09662,8.90059,13.9413,10.9611,11.1902,12.6784,9.89611,13.7004,9.07649,11.0708,10.6566,9.14166,10.6883,11.8568,11.0602,11.0953,12.5646,11.8453,11.8618
FAY,Nov,6.91259,7.31417,3.5195,7.09513,5.02239,8.43504,5.56214,5.93959,5.6882,3.65721,3.41948,7.25916,4.28856,5.91565,2.05256,3.4639,2.32781,8.19796,4.91591,3.92402,5.10442
FAY,Dec,5.4158,2.0008,-1.90947,4.74925,0.68502,0.166628,0.841879,0.530687,3.45566,4.06214,3.48532,0.692484,-3.28785,3.15742,4.61562,3.10899,2.69566,9.51806,2.2037,1.54887,3.67575
OAK,Jan,12.6618,12.2579,10.1559,6.90498,11.956,6.11676,9.08165,11.5811,11.576,13.4225,11.8143,9.23253,6.95104,9.0984,10.6139,13.7459,9.1541,10.8363,9.84481,11.5852,8.79336
OAK,Feb,11.1189,12.0355,10.6777,14.5244,11.521,11.8283,11.7044,11.8557,9.6739,10.3697,13.7183,9.79802,7.21543,12.4313,14.7096,12.3136,12.1491,9.41542,10.0266,12.809,16.4476
OAK,Mar,12.1156,11.7325,14.9961,13.6477,15.0209,17.3191,13.9791,12.9609,13.0662,14.5227,14.0399,13.6055,10.8261,13.6995,16.5714,9.26407,13.3951,16.2649,16.0783,13.9932,11.267
OAK,Apr,16.7054,17.0145,15.0398,15.3484,18.5227,16.2846,14.2557,14.6409,17.5095,15.2594,15.7123,15.8572,16.5432,17.7263,16.8881,17.9588,16.8006,19.478,16.6978,17.0307,16.5342
OAK,May,19.335,18.7054,19.5339,19.1449,20.3305,21.1995,19.4471,19.1387,19.0373,19.1885,20.1783,20.6425,21.7103,19.5318,20.5308,18.732,19.3242,20.1347,19.2619,19.2044,20.2044
OAK,Jun,23.7319,22.2859,21.7153,21.7247,21.9523,22.2372,22.6235,23.1553,22.2637,21.6909,21.9457,23.1634,23.6602,22.1428,21.6679,22.7157,21.5391,22.0534,22.9795,22.4288,22.2636
OAK,Jul,24.2408,23.0973,22.1896,23.0132,23.0898,22.8592,23.0552,24.7026,23.6689,23.8247,22.8714,23.241,24.606,23.6884,23.2468,23.0312,23.0681,23.2586,24.086,23.308,23.0098
OAK,Aug,24.2965,23.2132,22.2918,22.742,23.1239,22.9706,23.4853,24.6493,23.7396,24.3384,23.7667,24.1828,24.4464,24.6372,23.5359,23.5047,23.6632,23.1322,24.0221,23.8714,23.5542
OAK,Sep,23.8954,22.3154,23.4609,22.1952,23.6942,22.5545,24.3728,23.4454,22.5047,23.2179,23.6434,23.2756,23.0196,23.1852,22.6174,22.3493,22.6084,22.8837,23.0167,23.1007,23.8851
OAK,Oct,21.3558,20.0932,18.6577,19.7989,20.7428,20.1143,20.0572,20.2984,18.5605,22.4563,19.4708,20.74,17.3617,18.4151,19.8702,18.9956,18.139,20.1426,20.7345,20.2179,20.7436
OAK,Nov,17.4955,16.0502,13.0312,17.4205,13.1068,17.2312,16.5598,16.4051,12.9444,14.9481,12.7937,16.7015,14.2377,16.9966,12.9793,17.5658,12.8691,19.2837,15.0105,16.0623,15.1612
OAK,Dec,14.5451,11.3746,10.013,15.7977,9.84008,9.9499,11.2054,10.736,15.69,15.128,13.4805,13.4301,5.05876,15.003,12.5497,14.3874,12.8363,18.0389,15.0773,11.9577,12.0418
PBS,Jan,15.1481,14.8562,12.7147,8.9278,13.3874,8.54147,11.8214,13.9409,13.6436,16.4086,14.1353,11.277,9.5282,11.9693,12.4863,16.9145,12.6472,15.0723,13.1124,14.557,13.3172
PBS,Feb,13.8028,12.9845,13.9032,17.2769,14.3515,15.2738,14.2382,13.249,11.7385,13.5841,16.4796,12.638,9.81437,15.2849,16.8933,14.911,16.7133,13.1869,13.4138,15.172,19.7829
PBS,Mar,15.386,13.9784,17.4406,16.0739,18.2384,19.396,17.0312,14.8673,15.62,17.6334,17.2633,16.3356,11.9499,16.6072,18.3961,12.0389,16.1223,19.3428,19.0211,16.1427,13.541
PBS,Apr,18.6505,18.3,17.322,18.8115,20.1503,17.9282,17.1735,15.8394,18.8584,17.4693,18.1797,18.2283,18.7271,21.1469,18.187,20.3517,19.2619,21.2871,19.1917,19.7718,18.2376
PBS,May,20.4772,19.3403,21.4596,20.3563,22.2485,22.129,21.9116,20.602,19.6276,20.7138,21.1432,21.4402,22.5282,21.9619,21.2842,19.9887,21.7866,22.2195,20.7454,21.3713,21.2954
PBS,Jun,24.001,22.6934,23.1497,22.5499,22.7801,23.3782,23.9387,22.8635,23.4417,22.396,23.2372,22.88,24.8308,23.9739,23.4206,23.1353,22.3403,23.7288,24.1123,23.9588,22.5352
PBS,Jul,24.1361,23.9551,23.199,23.2155,23.8006,24.1693,23.2319,25.0265,23.9237,23.7671,23.0317,23.3829,25.0985,25.0865,23.7084,24.2216,23.8254,23.7879,25.5834,24.734,23.3065
PBS,Aug,24.4229,23.6912,23.5462,23.9882,23.5534,23.7394,23.5919,24.7458,23.9851,24.4354,24.0633,24.6847,24.6617,24.2521,23.9823,25.3199,24.4011,23.5973,24.943,25.0115,24.3894
PBS,Sep,24.0735,23.0649,23.4097,22.4329,24.2063,23.4441,23.8912,23.4378,23.1427,23.2794,24.081,23.5286,24.6769,23.4877,23.3439,22.7524,23.3691,23.2564,23.956,24.3129,24.0194
PBS,Oct,22.6851,21.6591,20.0724,21.6147,21.9035,21.4452,20.9209,21.3955,20.2392,23.3649,20.8115,21.6989,20.529,20.6265,21.2599,21.4351,20.6994,21.8129,22.8456,21.7698,22.3898
PBS,Nov,18.583,18.1956,15.5171,18.1456,15.2548,19.063,18.0779,18.6856,16.0993,17.4238,14.3139,17.5846,17.0425,18.8391,15.459,19.9644,16.1822,21.4984,17.7801,19.739,17.9077
PBS,Dec,17.1976,14.7952,14.228,17.1101,13.8393,12.5428,13.1263,13.2026,18.8291,17.0771,15.1803,16.2145,7.4626,17.8268,15.8715,18.782,15.5179,20.7639,18.8394,14.4693,15.4505
WAV,Jan,1.72445,0.876947,-2.19047,-2.09734,0.237917,-3.4667,-3.479,-0.117168,1.97349,0.863953,-1.56743,-2.69616,-2.82215,-3.29691,0.183024,0.103544,-4.6313,-2.25858,-2.91335,0.432181,-4.22765
WAV,Feb,2.0168,0.503916,0.812399,0.595072,-0.57812,-1.40765,-1.85712,-0.208374,-1.52204,-3.31049,0.699697,-0.786521,-2.63777,0.604035,0.572182,-0.617833,-0.631625,-5.95037,-0.249589,1.5913,3.86292
WAV,Mar,3.95269,1.97375,4.48734,2.13142,4.03244,3.87047,3.99151,1.66378,2.0992,3.24009,3.6601,2.78329,4.30007,3.28139,7.99274,0.623127,1.09525,1.77406,5.55594,1.90218,1.52275
WAV,Apr,8.31207,8.27762,8.16735,7.99733,9.41283,8.19403,8.56873,7.8279,8.15631,7.17252,9.14667,8.22361,8.85789,10.2871,8.06143,9.12212,8.4577,7.96219,7.03691,11.1033,6.60633
WAV,May,14.0794,12.7206,14.348,12.6065,12.2487,12.8316,16.5808,11.0373,11.4518,12.8923,11.5796,14.6443,15.4746,14.1154,15.4774,13.1872,14.7415,14.981,13.0468,12.9733,17.2623
WAV,Jun,17.7021,17.3618,18.8975,18.715,17.5166,17.4731,18.1806,18.3055,17.8215,17.781,18.8877,18.8443,20.8481,18.9219,16.2735,19.187,18.5055,19.7768,17.3336,18.1908,19.6919
WAV,Jul,19.7406,21.4887,18.9646,17.5511,20.6087,20.7479,20.5312,21.9583,20.9669,18.9052,19.6673,19.048,20.9602,21.3529,22.5662,21.9766,20.4524,20.7171,22.274,21.6273,20.1801
WAV,Aug,19.2721,20.1672,19.0035,20.333,20.094,21.1543,18.7586,20.9618,20.4734,20.5864,18.5262,21.1588,15.3143,20.0406,20.6415,19.4592,18.7164,18.7499,21.9361,19.7844,21.1596
WAV,Sep,17.1409,16.1834,15.5627,14.2115,17.3359,16.2925,16.7588,16.8972,15.3185,15.3971,17.1015,13.9915,16.8358,18.3892,15.3661,15.0533,16.9995,17.7422,19.9063,16.6965,20.864
WAV,Oct,9.26986,8.68554,8.54844,7.17829,12.0288,8.39098,10.0611,11.053,8.6597,12.3106,8.03708,9.73006,9.80495,9.33225,10.3766,12.0058,9.73961,9.18978,11.0343,11.8968,11.7239
WAV,Nov,3.57244,5.92781,1.93762,5.11068,3.34574,6.0221,4.97645,4.45735,6.94949,2.84016,3.67842,6.45031,3.11846,5.38416,1.25822,3.14791,1.48657,6.13991,2.18431,3.77264,4.36925
WAV,Dec,2.7955,0.9796,-3.59709,1.89772,-1.01928,-1.44257,-0.307021,-1.52657,1.61846,2.14785,1.82564,-0.360261,-4.11123,1.9662,2.93854,1.777,1.45367,6.69226,-0.536738,-0.202935,1.82044
ZIO,Jan,4.16387,3.42402,0.63188,0.752475,2.43299,-0.761675,-0.209046,2.53568,4.16064,3.49842,0.930931,1.49937,-1.13013,-1.2761,2.87078,4.27171,-1.56393,1.3348,0.858595,5.66962,-1.29187
ZIO,Feb,5.12203,3.63558,2.90429,4.58096,2.44672,2.47466,1.95018,3.4224,2.11453,1.36295,4.76025,1.91444,-0.293073,4.47297,4.1083,2.37082,3.02191,-0.664193,3.33001,6.43341,8.80465
ZIO,Mar,6.56597,4.50373,7.5294,6.0521,7.25653,8.80508,6.94062,5.6153,6.03723,7.65025,6.61275,6.5538,5.35125,6.93749,11.2572,3.46749,3.85329,7.92968,9.11582,6.08711,5.46824
ZIO,Apr,11.2406,12.5892,9.42902,10.583,13.2958,10.5127,10.0977,9.20058,11.4509,9.33729,10.5397,10.3773,10.5089,11.83,11.6936,10.9351,11.3456,12.8557,11.2173,13.5736,8.99227
ZIO,May,16.7857,13.5522,15.9633,14.5303,13.8664,15.9146,17.3091,13.3363,14.2887,13.9033,14.03,16.5084,17.4146,16.0445,17.2327,14.4486,16.2628,15.8922,16.0473,16.0523,18.1803
ZIO,Jun,20.7211,18.1289,19.3827,19.4679,19.3584,19.1273,20.9641,20.1677,18.8871,19.611,20.4496,20.3936,21.9784,21.1689,17.8224,20.4782,20.3925,21.6415,21.153,19.651,21.5732
ZIO,Jul,21.976,21.2409,20.4562,20.3133,21.6726,21.4369,21.5,22.7367,21.0787,20.6148,20.7881,20.3956,22.035,22.2734,22.6181,21.9672,21.3445,22.2838,23.1944,21.6875,21.6682
ZIO,Aug,20.8762,21.9649,20.5703,21.0261,20.6239,22.0348,20.3174,22.5727,22.1291,23.0255,21.0568,21.6763,22.5007,21.6251,21.3633,21.034,21.0989,21.572,22.9504,21.967,22.1488
ZIO,Sep,18.1864,16.4387,17.9368,15.988,19.9743,17.0715,18.7425,19.8494,17.1713,18.572,18.4522,17.6279,18.8477,18.171,17.7217,17.2035,19.5697,19.6363,20.3101,18.4711,21.6389
ZIO,Oct,11.4688,11.0212,9.44338,8.79466,14.7329,11.2703,13.5991,12.5107,10.0407,14.728,9.72605,11.8157,10.9025,9.4275,11.6334,12.0454,12.1555,12.3477,13.2022,13.2066,13.8795
ZIO,Nov,7.85056,7.15164,4.60173,8.14037,4.85437,7.78629,7.35046,6.42715,6.29149,5.1119,4.00309,7.38898,5.45206,5.88663,3.53182,4.17111,3.58868,9.5577,5.94093,5.92805,6.792
ZIO,Dec,5.39976,1.46648,-1.43762,4.78266,0.996001,-0.485894,1.12745,0.975652,4.34022,5.2632,5.04966,2.31825,-2.60018,4.14772,5.67901,4.18726,3.94862,10.1325,4.01663,3.73139,4.97535