pop,month,1998,1999,2000,2001,2002,2003,2004,2005,2006,2007,2008,2009,2010,2011,2012,2013,2014,2015,2016,2017,2018
BER,Jan,4.3046525,1.28576,-0.7323,-0.6123,3.228395,-2.679945,-3.899678,-0.215385,4.199695,3.138985,1.63783,-2.11918,-0.19367,-2.55575,2.95169,1.350705,-2.912955,-1.704685,-0.01433,2.810635,-0.68817
BER,Feb,4.4380755,2.234975,2.337715,2.296455,3.59427,-1.865135,0.598265,1.40343,1.211265,-2.386085,2.676365,2.29925,-0.62222,2.24202,3.86489,0.891225,-0.84735,-4.776455,2.342115,5.7778585,5.1253365
BER,Mar,6.51012,4.9004475,7.873025,4.0199675,6.768532,5.956246,6.279295,3.438425,5.9040125,5.769226,6.4658345,5.376347,8.25862,5.645092,10.24089,3.9884015,2.61691,2.79787,8.72832,5.0297515,3.824485
BER,Apr,11.39824,10.28724,10.166675,11.63652,12.780665,9.819085,11.37729,11.32395,12.16561,9.77781,12.128285,11.898845,13.367225,13.00134,11.62443,11.18033,10.247985,11.39152,10.27129,13.95419,9.34489
BER,May,17.3191,16.0436,16.877,16.94055,15.92515,13.811835,19.48525,13.6727,16.589905,17.33446,15.167115,16.78085,18.05835,18.25205,18.60685,16.6176,16.87935,19.29495,15.76515,15.9611,19.13645
BER,Jun,20.29225,21.22825,21.73275,22.8292,21.4346,20.14685,20.9408,22.3139,21.579,21.72095,23.4937,20.11365,23.8839,22.6673,21.1812,22.14915,21.6376,21.9131,21.5741,22.17635,22.085
BER,Jul,23.70705,25.7953,22.06515,22.2735,24.6904,24.07725,23.4807,24.7038,25.41165,23.88265,25.19345,22.74035,26.2047,26.4165,25.7887,25.7616,23.705,24.30275,25.5042,24.6122,24.993
BER,Aug,23.5939,23.28065,22.02005,25.08875,24.44155,24.15275,22.52155,24.9301,24.09125,23.71785,22.32625,24.2266,24.2801,23.27175,23.99145,22.03,21.6074,23.64795,25.10635,22.56455,25.70045
BER,Sep,20.49865,19.59185,17.97575,18.57475,19.9039,19.38015,19.6762,21.22635,18.2253,20.26575,19.9444,18.3282,20.97415,20.7937,19.39965,17.9586,19.54685,21.37545,20.91805,20.5956,22.14765
BER,Oct,12.90127,11.841525,13.112025,13.71027,12.803675,11.744755,12.251945,13.850435,12.367415,17.0374,12.228605,12.367245,13.577145,13.34876,13.846315,14.101435,13.7427,12.466675,13.788805,16.47095,14.409485
BER,Nov,7.23111,9.3434,6.497935,9.78559,6.415935,9.396455,7.85329,8.750765,10.16145,6.759295,6.863105,9.547625,7.5658,9.931085,5.1043355,6.1334155,6.0824265,9.78691,8.315855,7.42884,6.520205
BER,Dec,4.204915,3.666905,-1.38616,5.4521065,1.16574,2.064795,2.437455,0.766475,5.3757665,2.660415,3.377865,1.81256,-0.614185,5.232772,5.3112275,2.970475,4.0828015,9.623705,2.731315,1.004595,3.88367
BRU,Jan,12.815875,12.76458,10.7892,9.387725,11.77575,8.63548,10.140815,12.471585,13.04296,12.49991,10.610255,11.075365,8.244115,8.469665,12.4707,15.20572,8.54442,11.032185,9.933965,15.109645,8.41324
BRU,Feb,13.293905,13.934205,12.726435,15.030555,11.590225,12.199525,10.71336,12.560855,11.17137,11.71107,13.84562,11.181135,8.57813,13.961355,14.43582,13.85272,12.882015,9.825185,12.45985,16.831295,17.56715
BRU,Mar,14.38269,14.317485,17.2826,15.5139,16.61717,17.61055,16.25015,14.282705,15.3419,16.873615,15.60645,16.477915,13.38921,16.98923,19.76745,13.227475,14.004435,17.3346,17.7625,16.697975,14.136365
BRU,Apr,19.3878,21.03595,17.67,19.61935,21.9503,18.81005,18.32105,16.9154,20.77005,18.4236,18.74745,19.68845,19.35875,20.8326,20.45645,19.7248,19.2469,21.7219,18.736,21.265,17.98275
BRU,May,24.91695,22.3401,24.538,23.43355,23.38335,24.3233,24.5094,21.8231,23.28695,22.57695,23.3853,24.6612,24.861,23.5985,24.1158,22.86055,23.3153,23.66405,24.00835,24.23445,23.59215
BRU,Jun,29.39465,25.73825,26.52885,26.1354,26.7236,26.47195,27.335,26.0338,25.7653,26.4629,27.53365,28.82615,28.45815,28.02135,25.59485,27.7771,27.111,27.50445,27.9245,26.54335,27.30775
BRU,Jul,29.337,28.4021,28.01855,27.21665,28.20345,27.7753,27.94255,28.56455,28.12925,28.0548,27.72345,28.41505,29.0273,28.7228,29.47195,27.24675,28.35625,28.63915,29.80595,28.5187,27.6232
BRU,Aug,28.03035,28.48285,27.5348,27.23965,27.1081,27.3913,26.68645,28.16045,28.8951,29.0553,27.6919,28.20675,29.09165,29.35565,27.85955,27.7117,28.58075,27.7363,28.56795,27.843,27.4945
BRU,Sep,26.3163,25.0554,24.75135,23.50975,27.02835,24.3282,25.57585,26.34455,25.20295,25.7195,25.4074,26.1463,26.37145,25.4122,26.04115,25.47645,25.53875,25.1497,26.19955,25.2213,27.10175
BRU,Oct,21.77165,21.0526,19.58765,18.7832,22.7441,20.588,22.0186,20.40685,19.622,22.65105,19.3622,22.37615,20.73105,19.08345,21.58645,20.6827,20.927,20.73115,21.6592,21.64855,22.2534
BRU,Nov,18.5886,16.52315,14.79309,17.62555,14.877125,17.5443,18.5183,16.90365,15.118735,15.179585,13.722405,16.4992,15.583615,16.268515,14.6815,15.364595,13.302705,18.66255,16.94465,15.916855,15.338245
BRU,Dec,14.490585,11.74411,8.515515,14.171805,10.87678,9.86541,10.80439,10.36158,14.740215,14.536655,14.184645,12.061775,7.340283,14.1239,14.45707,14.37183,13.677475,17.3881,14.68639,12.21127,13.101935
NVA,Jan,6.837945,7.0674715,3.373235,4.041805,5.571968,1.959805,2.580085,5.5557105,8.165795,7.14795,4.62814,2.900505,2.618275,2.197095,6.6394195,5.7530765,1.61583,2.914535,2.566405,6.018086,1.68324
NVA,Feb,7.468765,7.064233,6.7602735,6.9043198,6.4582415,4.303885,4.63108,6.157723,5.34741,4.074105,7.87679,6.017055,2.55336,7.7004295,6.722949,4.49357,5.360174,0.274375,5.0948425,9.90127,9.746815
NVA,Mar,9.963255,8.398015,12.048735,8.32478,10.681775,11.23881,10.93872,8.155375,9.80573,12.23562,11.231075,9.19293,10.52952,9.72022,14.436065,6.2110905,7.249857,9.113315,12.991,9.39318,6.47599174
NVA,Apr,14.860725,15.45369,14.29869,15.126715,16.567925,14.650195,15.37979,14.76628,16.28977,14.333945,15.15206,15.156415,16.61353,16.516375,14.338645,15.0321,15.164355,14.956425,14.330805,17.826,12.67835
NVA,May,20.85585,19.02725,21.09535,18.9344,18.8477,18.73915,22.37885,17.76075,18.08145,18.97825,18.55665,20.2674,21.4517,19.94035,21.16045,18.3059,20.79235,20.69535,18.5004,19.20495,22.3175
NVA,Jun,25.57545,22.93525,24.8247,24.2315,24.67305,22.86745,23.97525,23.84535,23.1154,24.2841,26.46565,24.6191,26.989,25.35835,22.7089,24.13275,24.662,25.2334,23.48425,23.1626,24.47815
NVA,Jul,26.4888,26.93095,24.555,23.7249,26.54075,25.41095,26.0764,27.5399,26.07235,25.6505,26.1667,25.27765,27.5882,27.34835,27.6794,26.1695,25.26385,25.8669,26.8078,26.49385,25.15325
NVA,Aug,25.6292,25.8362,24.29205,25.17195,25.15425,25.64405,23.71065,26.4549,26.43325,27.99975,25.3861,26.2756,26.7341,25.3805,24.679,24.12575,23.92465,24.37285,26.5828,24.419,25.15865
NVA,Sep,23.40665,20.5103,20.82675,19.6387,22.53615,20.91765,21.80535,24.06605,20.8106,23.05955,22.4858,21.12795,23.9234,22.0617,20.6172,21.0099,21.91605,22.30545,23.48555,21.2206,24.1256
NVA,Oct,15.63933,14.599215,15.04166,14.26706,16.1489,14.77396,15.90835,16.377,14.837085,19.20845,14.53072,15.08286,16.344145,14.012645,14.823525,16.03115,16.485345,14.51638,16.53973,16.71176,15.79163
NVA,Nov,10.75052,12.326535,8.153085,12.575825,9.12052,13.056985,11.106195,10.93618,10.994985,10.16111,9.19369,11.39076,9.990365,11.32867,7.3185608,8.6333,7.2612945,11.922265,10.07509,8.880035,8.02515
NVA,Dec,7.87136,6.5186305,1.053685,7.95236,4.697695,4.681685,5.636279,3.988045,8.60363,8.729595,7.25323,4.356695,0.69594,7.67382,8.427585,7.172646,5.9591165,11.901215,5.4172545,4.510225,6.065856
NEW,Jan,3.8434145,0.07513,-1.026415,-0.508155,3.33268,-2.950149,-4.431239,-1.3037,3.649991,2.258,1.44885,-3.356402,-0.654415,-2.836055,1.95332,1.041185,-3.267935,-2.35985,0.06606,2.5086975,-1.246885
NEW,Feb,4.248736,2.46876,2.140185,1.492605,4.00895,-1.935525,0.797995,1.60061,1.21437,-2.66869,1.48678,1.60545,0.285775,0.889825,3.8149215,0.353695,-1.892955,-5.8894815,1.96282,4.470426,4.430232
NEW,Mar,6.58684,5.3911005,8.01825,3.869713,6.412395,5.565053,6.21888,3.3178,5.840616,4.856256,5.499964,4.9898107,8.32214,5.2344695,10.001675,4.11505425,2.232825,2.38101,8.640005,3.595905,3.915979
NEW,Apr,11.55354,11.038655,10.0936,11.340645,12.590105,9.578055,11.906055,12.273085,12.4486,9.47246,11.79999,11.64127,13.48668,12.0926,11.87392,11.06136,10.615565,11.344585,10.857675,13.503,8.845445
NEW,May,17.7159,16.6616,17.1292,17.20715,15.540865,14.70626,18.9273,14.86793,17.1465,17.94185,14.8987,16.64375,18.19035,17.86785,18.4784,16.59075,17.34095,19.50255,16.4022,15.9313,18.9666
NEW,Jun,20.55925,22.65185,21.7107,22.78615,21.90775,20.3564,21.6378,23.6654,21.8509,21.8879,22.9764,19.87565,23.1492,22.08055,21.48245,22.2104,22.0965,21.6305,21.739,22.15785,21.71405
NEW,Jul,24.50615,26.57865,22.3543,22.72205,25.7267,24.6954,23.60025,25.5878,25.71535,23.64065,25.04105,22.6467,26.23875,26.2627,25.84845,26.20065,24.3096,25.1607,25.57185,24.55165,25.2106
NEW,Aug,24.3328,23.7894,22.576,25.32135,24.9647,24.8065,23.17815,26.02995,23.88175,23.18475,22.08485,24.10215,24.00195,23.6073,24.03985,22.7213,22.60905,24.6698,25.44775,22.70145,25.6354
NEW,Sep,20.5952,20.1244,18.73455,18.8954,20.60815,19.7722,20.5474,22.0056,18.41435,20.3915,19.91585,18.224,20.44665,20.6932,19.5414,18.45655,20.00405,21.9393,20.98875,20.8358,21.36515
NEW,Oct,13.40442,12.396775,13.271425,13.51629,12.337825,12.175,12.91179,13.837055,12.67812,16.92605,11.824485,12.06834,13.468535,13.121405,13.821835,14.34653,14.34902,13.02548,13.777485,16.8937,13.58039
NEW,Nov,7.767715,9.354725,6.841985,10.11594,6.653405,9.35707,8.519195,8.46154,10.387565,6.4246,6.653065,9.632065,7.5082,9.53696,5.3945855,6.169775,5.96913,10.28177,8.754985,7.00224,5.98273
NEW,Dec,4.720433,3.5045875,-1.20705,5.447109,1.340395,2.3108,2.434945,0.35229,5.3767545,1.933195,2.12582,1.271835,-0.522925,4.8381135,4.2250885,2.085475,4.0681385,8.883225,2.380815,0.74049,3.5947735
MAN,Jan,5.61174,3.051855,1.63233,0.92371,4.458315,-0.895635,-1.335865,2.011055,5.647966,4.3845275,2.78856,-0.743845,1.169655,-0.32322,4.083745,3.526575,-1.3648,0.325975,0.688695,4.818801,1.118855
MAN,Feb,6.166865,4.226638,5.094505,4.065955,4.93167,0.17697,2.18516,3.606185,2.846425,-1.080405,3.73159,4.099375,-0.142795,4.440605,5.6245745,2.55638,1.688345,-2.521735,3.271225,7.64081,6.608505
MAN,Mar,8.34038,6.462105,10.293175,5.7769415,8.056235,7.756245,8.63823,5.436672,8.20714,8.49453,8.298185,6.796525,9.74343,7.34905,13.1704,5.286386,4.518055,5.7093355,11.086075,7.57407,5.2431387
MAN,Apr,13.912365,13.022015,12.765585,13.477645,14.6952,12.475785,13.38513,13.366315,14.45169,11.77516,13.871985,13.457945,14.99906,14.57623,13.413275,13.90445,12.53861,13.56019,12.886315,16.72315,11.747355
MAN,May,19.84685,18.5755,19.417,17.49695,17.5517,16.08585,21.4325,15.95355,17.6659,19.08825,16.81235,18.31945,19.7999,19.56155,21.1608,18.11695,19.0448,21.1531,17.01625,17.5847,21.5092
MAN,Jun,22.609,22.8316,23.2094,22.99015,23.49945,21.422,22.1934,23.52975,22.84435,23.43835,24.0527,22.7579,25.5618,24.28855,23.2768,23.6316,23.53175,23.99065,23.54055,23.5681,23.3195
MAN,Jul,25.5698,27.24465,22.87415,22.8613,26.1357,24.9038,24.94835,26.2699,26.3084,25.124,25.2954,24.0876,26.97815,27.5592,27.97675,26.3294,24.5699,25.5858,27.0152,26.27665,25.52905
MAN,Aug,25.9008,25.46655,23.3226,25.01425,26.1076,25.35525,23.4782,25.96995,25.89805,25.78585,23.5482,25.6598,25.6159,25.252,25.96475,23.60665,23.2132,24.37595,26.7097,23.7534,25.9158
MAN,Sep,23.78405,20.546,19.1748,19.0116,21.4742,20.7479,20.84595,22.6839,19.07145,21.49255,21.23665,20.2585,22.4029,21.0971,20.66345,19.9342,21.0301,22.3031,23.14855,21.11795,23.1918
MAN,Oct,14.733505,13.2028,14.6229,14.080475,13.886865,13.22194,13.56693,15.2147,13.301035,17.85845,13.32662,13.772185,14.788715,13.804565,14.619075,15.312075,15.086875,13.6837,15.96225,17.1958,15.8849
MAN,Nov,9.007925,11.00438,6.867755,11.12744,7.569135,10.90952,9.46915,9.44833,9.88107,8.39882,7.356675,10.20539,8.680695,10.44654,6.63142,6.69084,6.96106,11.018815,9.621,8.711495,6.95971
MAN,Dec,6.227395,4.8760205,-1.148035,5.967038,1.891965,3.14971,3.62188,1.513785,5.985466,4.161626,4.2553545,2.17934,0.080425,6.0921165,6.318165,4.57154,4.72014,10.01061,4.304097,2.610495,5.174608
JAC,Jan,14.25144,14.440815,12.65814,10.122405,13.836535,9.399245,12.35365,14.557905,15.020155,14.69811,11.841795,12.5544,9.606795,10.51844,14.31326,16.505,10.72036,13.284385,12.026955,16.33915,10.927875
JAC,Feb,14.585915,15.61213,13.930005,15.96535,13.85907,14.129265,12.776025,14.478315,13.48756,13.353475,14.77047,12.718175,10.012035,15.50943,16.48765,15.328955,15.14167,12.259455,14.34581,17.74125,19.37015
JAC,Mar,15.40313,15.537825,18.3408,16.06635,18.6397,19.09375,18.0972,16.2658,17.23295,17.84095,16.7872,17.7273,14.524475,18.62475,21.1402,14.076365,16.39965,19.82965,20.2792,18.02445,16.185595
JAC,Apr,20.27395,22.14125,18.5118,19.8113,22.96035,20.21235,19.6788,18.7516,22.3583,19.60335,20.0527,20.44545,20.52415,22.54205,22.25235,20.675,21.58815,23.6807,21.7084,22.1252,20.3119
JAC,May,25.2939,23.06295,24.6917,23.393,24.08985,25.69625,25.15815,23.0279,24.8689,23.20845,24.44255,24.7148,25.89145,24.58965,25.2726,22.97215,24.71245,25.54375,24.8337,24.5742,24.2741
JAC,Jun,29.6014,26.1891,26.3877,26.76335,26.4981,26.77715,27.7402,27.14025,27.1381,26.4904,27.2846,28.417,28.61165,28.0604,26.7341,27.53185,27.67745,28.57525,28.32905,26.30075,27.6315
JAC,Jul,29.06865,28.9452,27.43045,28.04745,27.9012,27.54835,28.11685,29.00085,28.29685,27.99835,27.5314,28.1128,29.22765,28.4298,29.21225,27.47805,28.689,29.326,29.927,28.18955,27.7573
JAC,Aug,27.79945,28.873,27.2241,27.76145,27.12845,27.5247,27.5385,29.0904,28.859,28.974,27.5829,28.12705,29.2044,29.51135,27.7575,28.1673,29.0469,28.5588,29.15425,27.88165,27.8607
JAC,Sep,26.4212,25.6486,25.73325,24.6964,27.26755,25.6234,26.6157,27.34035,26.8261,26.78845,26.31965,26.8938,27.10485,26.5108,26.88045,26.48515,26.5972,27.0322,27.26095,26.2095,27.9929
JAC,Oct,23.28395,21.83435,20.5287,20.91335,23.9103,22.3264,23.189,22.412,21.64965,23.676,21.01915,24.0226,21.8669,20.64835,22.66875,22.4509,22.5912,23.2727,22.9103,23.7481,23.84065
JAC,Nov,20.20095,17.05235,15.87918,19.10885,15.885335,19.3541,19.0642,18.8113,15.985115,16.07655,15.12625,17.8401,17.32445,17.9068,15.597395,18.143,15.454755,21.6899,18.60845,18.68225,17.7302
JAC,Dec,16.51325,12.99378,10.200195,16.5682,12.178365,11.91673,12.62145,12.53067,16.6995,15.451565,15.745315,14.345635,8.78986,16.1616,15.1497,16.77435,15.94615,20.40495,16.6891,14.91079,15.073865
FEM,Jan,18.0882,18.37835,16.4438,13.795685,16.78545,12.627805,15.781615,17.04295,17.1316,18.85625,17.6776,15.329855,13.095405,15.77466,16.284905,19.5597,15.84635,17.40365,15.80225,17.87025,16.3062
FEM,Feb,17.18025,17.8678,17.24145,20.2975,17.2267,18.1377,17.8393,17.36715,15.748995,16.8497,19.9268,16.17371,13.18494,18.70315,19.6384,18.472,19.6258,16.1048,16.49895,19.5048,23.08625
FEM,Mar,18.2311,18.2241,21.1767,20.0216,20.7588,22.58725,19.9701,18.5844,19.2062,20.69945,20.18035,19.57125,16.19338,19.80835,21.65485,15.947615,19.61565,22.1659,21.89755,20.339,18.8114
FEM,Apr,22.19065,22.2992,21.1276,21.95,23.3826,21.31555,20.56015,19.9146,23.18195,21.5567,21.2849,21.7752,21.6682,23.2874,22.25355,23.4098,22.3442,24.85185,22.05515,23.71605,22.7998
FEM,May,24.951,23.7266,25.43375,24.41465,25.44475,25.7519,24.7322,24.05155,24.22985,24.6789,25.25775,25.1352,25.7331,24.9171,25.34125,23.9065,24.8356,25.4641,24.598,25.87275,24.92965
FEM,Jun,28.91565,26.31685,26.8006,26.71475,26.1672,26.86505,27.4323,26.58065,26.7991,26.6769,26.91955,27.5571,28.19875,27.1938,26.36965,27.3554,26.4893,27.39465,27.65,27.58615,27.75775
FEM,Jul,28.42385,27.7545,27.36115,27.0937,26.9742,27.30715,27.4433,28.4094,27.2622,27.78475,26.96335,27.6108,28.5994,27.95085,27.44815,27.17925,27.4846,27.8829,28.642,28.51165,28.4474
FEM,Aug,28.07795,28.17045,27.15985,27.12225,27.1849,27.09005,27.6438,28.42745,27.50915,28.54585,27.5237,28.04725,28.64565,28.66,27.6776,27.8123,28.1478,28.02195,28.4321,28.7998,28.63125
FEM,Sep,27.46705,26.74305,27.1545,25.7535,27.595,26.45195,27.58785,27.13585,26.73275,27.5897,27.03585,27.11185,27.60415,27.18605,26.68405,26.6205,26.56415,27.4653,27.6293,27.8744,28.27895
FEM,Oct,25.54645,24.4346,23.21155,24.1223,25.2721,24.35055,24.1169,24.40795,23.5841,26.636,23.76195,25.1641,23.44795,23.2494,24.03875,24.4032,23.63835,25.2859,25.2198,25.10505,26.40695
FEM,Nov,22.0848,20.98225,19.1814,21.1505,19.07315,22.0743,21.2896,21.09105,19.64185,20.5155,18.12045,20.9673,20.18985,21.6877,18.44105,22.5834,18.75385,24.47615,20.57665,22.58385,21.94275
FEM,Dec,20.0338,17.4123,16.5144,19.7529,16.34825,16.10075,16.64355,16.58165,21.17235,20.1,18.523,18.6407,11.83706,19.9235,18.7376,20.43975,18.7141,22.9385,20.9863,19.0568,18.89225
FAY,Jan,9.847465,9.999425,5.324473,6.2428255,7.86728,3.74578,4.323794,7.260795,9.80779,8.07378,6.025935,5.24691205,4.12512,3.609085,8.44338,8.04523,3.70425,5.553067,5.031469,9.08641,3.841695
FAY,Feb,10.77073,9.83463,9.497075,9.391685,8.78957,6.766995,6.472705,7.763065,7.104745,5.942949,9.75574,7.623567,4.22894,9.492565,8.84569,6.7780805,7.16223,3.052315,7.461325,12.44612,13.10476
FAY,Mar,12.926055,10.60303,13.513765,10.75644,13.600475,13.13302,12.30044,10.002575,11.52802,13.259015,12.642825,11.057,11.69414,11.540695,16.236985,8.51661,8.66023,11.59866,15.258255,11.392215,9.39217
FAY,Apr,17.58775,17.3632,15.59233,17.0584,19.3543,15.96305,17.08325,15.64381,17.8588,15.849965,16.3826,16.711515,17.82325,17.951,16.200205,16.58615,16.89064,17.16485,16.109795,19.74035,14.977785
FAY,May,23.1812,20.17365,22.72575,21.10115,21.00485,20.5998,23.84985,18.8682,19.9106,20.17145,19.8819,21.67825,22.9155,21.62525,22.48895,20.32475,22.1937,21.6993,20.6781,21.8223,24.01935
FAY,Jun,27.40605,24.035,25.40265,25.4103,26.17025,24.884,25.0046,24.85955,24.1372,24.8336,26.9838,25.738,27.71585,26.7597,23.7286,24.87245,25.57205,26.8768,25.63115,24.9254,26.7562
FAY,Jul,28.04465,27.58015,25.2329,24.8371,28.07305,26.4081,26.91385,27.85485,26.90355,26.0506,26.3407,25.95985,27.7826,28.40555,28.21515,26.66495,25.85225,27.2527,28.42615,27.69725,26.82985
FAY,Aug,27.10405,26.93855,25.2867,26.02515,26.82085,26.82145,24.13355,27.2213,26.8175,28.11205,25.73445,26.6216,27.2959,26.91435,25.63835,25.091,24.87975,25.75965,27.89635,26.23745,26.83965
FAY,Sep,25.00075,21.75105,22.07675,20.8685,24.12345,22.1265,22.0769,24.79785,21.4367,23.617,22.69335,22.19345,24.4567,23.1323,22.24745,21.93865,23.01755,23.65065,24.6517,23.11105,26.1676
FAY,Oct,18.11095,16.7873,16.46981,16.071495,18.3436,16.47565,16.77815,17.78395,15.703755,20.07235,15.562145,16.6047,17.5138,15.71703,16.49705,17.11885,17.90315,16.84865,18.7235,18.63155,17.94935
FAY,Nov,13.188645,13.851435,9.7866,14.315365,10.838945,14.80012,11.75337,12.428045,12.00345,10.597155,9.76404,12.69498,11.27333,12.968875,8.64853,10.18275,8.926305,13.77908,12.023805,11.15726,10.68401
FAY,Dec,10.5188,8.078,3.28322,10.840975,5.86541,6.327364,6.7828395,5.8971935,9.89293,10.05937,9.67031,6.296192,1.85162,9.77786,10.43461,9.194145,8.03738,14.62703,7.6252,7.289085,9.221325
OAK,Jan,17.22405,17.38605,15.41245,13.24989,17.1158,11.96218,14.785725,16.3964,16.7755,17.50375,16.17,15.192665,12.46677,14.59085,16.03215,18.74015,14.54465,15.98645,14.743205,17.4572,14.22203
OAK,Feb,16.1685,17.652,16.2515,19.47595,16.1303,17.0015,16.3174,16.78445,15.31,15.53365,18.7285,15.50021,12.148765,17.9601,19.0908,17.86045,17.7994,14.90406,15.8262,18.8262,21.49585
OAK,Mar,17.01635,17.8487,20.40695,18.7056,19.99355,21.62865,19.09865,17.76835,18.4004,19.2138,18.71425,18.8736,15.8673,19.2912,21.7995,15.425185,18.5556,21.3132,21.2666,19.5276,17.72015
OAK,Apr,21.50025,22.8093,20.61905,20.7534,22.89925,21.15645,19.81025,19.66335,22.4836,20.70205,20.52885,21.08675,21.1402,22.9246,22.6199,22.44475,22.03055,24.2182,21.85565,22.5727,22.0786
OAK,May,24.99075,23.78935,24.8318,23.8756,24.7038,25.74795,24.2014,23.3467,24.3248,23.25045,24.8605,24.89015,25.6241,24.6893,25.4241,23.2901,24.31785,24.90275,24.472,25.0413,24.30545
OAK,Jun,29.26715,26.2062,26.39825,26.317,25.4882,26.12935,27.1003,26.3027,26.42965,26.1408,26.68015,27.4009,27.9273,26.8212,25.9871,26.935,26.35525,27.1181,27.54455,26.71505,27.1001
OAK,Jul,28.8746,27.6008,26.83485,26.72745,26.9507,27.0203,27.40275,28.42735,27.5479,27.92015,26.97225,27.44525,28.498,27.90685,27.8122,27.0263,27.5752,28.04165,28.9365,28.02725,27.7325
OAK,Aug,28.4422,27.78935,26.80865,26.96245,26.88205,26.63015,27.1695,28.64635,27.98065,28.50995,27.3183,28.13175,28.26165,28.7188,27.67325,27.8884,28.1875,27.6843,28.4253,28.35155,28.02745
OAK,Sep,27.23335,25.97105,27.2058,25.56745,27.0494,25.8434,27.0244,26.78355,26.5052,26.82535,26.81805,26.9004,26.9012,26.995,26.57695,26.6188,26.599,26.81985,27.1688,27.11255,28.0331
OAK,Oct,25.3917,23.5187,22.8252,23.11685,24.8368,23.81795,23.7917,23.66985,23.0987,25.3966,23.11845,25.22105,22.73885,22.288,23.8205,23.915,23.29645,24.28305,24.4729,24.059,25.33005
OAK,Nov,22.2538,20.16955,18.5523,21.3091,18.29925,21.4396,20.84235,20.48825,18.21545,19.37835,17.748,20.8248,19.4235,20.7768,17.86405,21.45215,17.9304,23.44635,20.24955,21.0219,20.58015
OAK,Dec,19.4005,16.22265,15.2455,20.01975,15.03519,15.19065,15.96515,15.3943,19.4827,19.45925,18.23305,17.725,11.33668,19.21745,17.9602,19.4701,17.94615,22.24445,20.03525,17.79235,17.5551
PBS,Jan,19.71925,19.51785,18.17895,15.44605,18.9195,14.942635,17.78795,18.8659,18.90205,20.90585,19.16995,17.4679,15.42735,17.93615,18.2604,21.4706,18.0221,19.981,17.995,19.9394,18.0364
PBS,Feb,18.8862,18.75265,19.12275,22.0678,19.36245,20.86825,19.90215,18.7719,17.6755,18.9309,21.50265,18.2529,15.584935,20.8283,21.2476,20.18505,21.87035,18.75925,18.55785,21.1819,23.65975
PBS,Mar,19.8963,19.66025,22.5163,21.7701,22.80025,24.58755,21.74255,20.24295,20.98275,22.15575,21.83565,21.1273,17.6141,22.196,22.8236,17.9981,21.48375,23.97225,23.4134,21.28175,19.76145
PBS,Apr,23.35905,23.81555,22.68445,23.42665,24.5312,22.8693,22.43865,21.4698,23.96865,22.9491,22.9588,23.25015,22.87565,26.00345,23.0428,24.4054,24.191,25.87305,23.8073,24.22775,23.43505
PBS,May,26.01765,24.79135,26.02505,24.96015,26.29085,26.66915,25.85125,25.125,25.019,25.14875,26.1734,25.76725,26.5956,26.76085,25.5312,24.3844,26.08405,26.26875,25.5375,26.2845,24.99245
PBS,Jun,29.06625,26.49515,27.34295,27.20655,26.5267,27.41345,28.34185,26.6353,27.56505,26.8204,27.39505,27.6105,28.9791,28.5196,27.2072,27.046,26.99585,27.9309,28.0914,27.58555,26.9865
PBS,Jul,28.74385,28.1372,27.8992,27.4746,27.7331,28.16825,28.02435,28.78735,27.7404,28.1679,27.4009,28.08185,29.0601,29.27515,27.82875,27.98265,28.1052,28.42485,29.58765,28.779,27.95545
PBS,Aug,28.7129,28.2243,28.0216,28.00365,27.88465,27.7846,27.89825,28.9945,28.30825,28.60175,28.3066,28.91615,28.8873,28.9335,28.08825,29.05185,28.8151,28.19945,28.95375,29.04175,28.3426
PBS,Sep,27.7015,27.234,27.48535,26.47555,27.99655,27.4331,27.44475,27.40075,27.38275,27.3637,27.40025,27.6564,28.4656,27.8411,27.25475,27.07645,27.39475,27.53015,28.06575,28.27755,28.1093
PBS,Oct,26.2338,25.42215,24.2318,25.1944,26.42555,25.88505,24.9634,25.24995,25.13775,26.68505,24.70875,26.33195,25.2409,24.79945,25.24175,26.03535,25.24235,25.93355,26.20735,25.5699,26.59095
PBS,Nov,22.813,22.4083,20.9474,22.35115,20.9406,23.404,22.54045,22.6841,21.058,22.12545,20.0671,22.4357,22.1354,22.94265,20.6054,24.01005,21.1264,25.16575,22.36415,23.6721,22.87715
PBS,Dec,21.4379,19.56725,18.98385,21.3721,19.07605,18.006,18.4543,18.55815,22.3139,21.79245,19.94135,20.9108,14.27805,21.7367,20.9263,22.81775,20.62245,24.0836,22.87815,19.9933,20.37265
WAV,Jan,6.634625,7.0265235,3.430535,3.9075,6.4243585,1.465725,2.10067,5.309316,7.866745,6.6153265,4.384085,2.74546,2.69471,1.863485,6.615562,5.627222,2.010185,3.21487,2.97324,5.5885905,2.29474
WAV,Feb,7.1407,6.704608,7.1667995,6.813886,6.86584,3.550215,4.24749,5.821963,4.94983,2.53677,7.0817485,6.0641395,2.496585,7.5607175,7.213291,4.9308835,5.2108875,0.142385,5.5878555,9.28,9.95891
WAV,Mar,9.546295,8.218075,11.68797,8.28951,10.79492,10.451435,10.492355,7.71674,9.5013,10.871245,10.7755,8.730395,10.978185,9.441645,14.86452,6.7097135,7.667725,8.66988,12.61337,8.86919,7.237175
WAV,Apr,14.629135,14.81916,14.140425,15.088965,16.748315,14.345365,15.017065,14.6882,15.655055,14.11506,15.067635,15.152355,16.793395,16.9129,14.843765,15.69271,15.69115,14.968145,14.199005,17.76625,13.574765
WAV,May,19.6943,19.2005,20.6876,19.04315,19.17245,17.98625,22.6052,17.3121,18.4797,19.2897,18.3319,20.54555,21.4618,20.6083,21.46805,19.23865,21.57065,21.4682,18.37165,18.9755,22.954
WAV,Jun,23.44115,22.7738,24.3616,24.54495,24.80835,22.9284,23.44025,24.07475,23.5223,24.0498,26.00555,24.3929,27.0225,25.2999,23.1632,24.60705,25.2795,25.4321,23.5393,24.1217,25.15625
WAV,Jul,25.70405,26.9639,24.1829,23.92615,27.0172,25.72575,25.7641,27.48725,26.7003,25.63495,25.96565,25.00255,27.9034,27.55145,28.40345,26.774,26.3774,26.0879,27.5183,27.1822,25.4735
WAV,Aug,25.5647,25.73375,24.21305,26.1568,26.3712,26.08835,23.9546,26.64255,26.6188,26.88495,24.87075,26.6387,22.40375,25.99575,25.6924,24.6318,24.01655,24.8095,27.41585,24.86865,26.54285
WAV,Sep,23.3926,20.97805,20.59895,20.4212,22.8909,21.512,21.83425,23.6797,20.6508,22.24885,22.33245,20.29225,23.8469,23.0396,21.29645,21.4613,21.96875,23.3392,24.30925,22.1468,25.2537
WAV,Oct,15.82048,15.09437,15.81582,15.409945,16.56905,14.90544,15.44265,16.651,14.9565,19.07025,14.82834,15.51388,16.528075,15.398475,16.0415,17.3762,16.405505,15.24429,17.16635,18.05195,17.46755
WAV,Nov,10.56697,12.515955,8.48886,13.07039,9.42247,12.7727,11.154575,11.605225,12.247945,9.53813,9.28561,11.989605,10.01063,12.24448,7.94016,9.610455,8.013685,12.395805,9.797805,10.34917,9.677975
WAV,Dec,8.0625,6.8406,1.82101,8.47631,4.32022,4.701315,5.7948895,4.164225,8.35503,7.469975,7.68342,4.8053045,0.977325,8.37495,8.74297,7.70565,6.824135,12.33743,5.261531,5.2566825,7.10702
ZIO,Jan,9.599585,10.45086,6.42039,7.1417375,8.940645,5.1933125,6.210977,8.67549,10.55307,9.38871,6.9445655,7.073085,5.000835,4.68065,9.75769,10.751555,5.184435,7.41135,6.5435475,11.56196,5.438165
ZIO,Feb,10.484915,10.54389,10.068545,10.92013,9.20456,8.24873,7.17224,9.15175,8.273315,7.829125,11.300625,8.62732,5.4343135,10.971235,10.61095,8.52776,9.059855,5.6281535,8.901805,13.642205,14.783975
ZIO,Mar,12.101285,11.350115,14.50035,12.0033,14.103115,14.34299,13.91451,11.8193,12.478465,14.794525,13.286325,12.4379,11.861575,13.335695,17.7617,10.051995,10.528345,14.05114,15.94551,13.213255,11.87067
ZIO,Apr,16.88275,18.3887,16.06436,17.6323,19.6596,16.3299,17.22005,16.08179,18.7736,16.489395,16.9986,16.99825,18.01035,18.6025,18.1658,17.1249,17.9941,18.5892,17.5985,19.79275,16.030235
ZIO,May,22.94145,20.3552,22.9446,21.6411,20.47885,21.2797,23.54495,19.59375,20.71705,20.7168,20.8887,21.96015,23.31115,22.16375,23.08005,20.5333,22.816,22.37775,21.72575,22.3186,23.74455
ZIO,Jun,26.74945,23.5919,25.5248,24.77895,25.21505,24.52505,25.94105,24.8609,24.4928,25.13565,26.70215,26.0639,27.65235,27.51965,23.9455,25.6326,26.3805,27.6717,26.81155,25.0501,27.20565
ZIO,Jul,27.7356,26.84865,26.092,25.40905,27.56915,26.1634,26.8573,27.7693,26.907,26.0992,26.57275,26.2229,27.5472,28.3416,28.4488,26.577,26.81195,28.2774,29.118,27.22965,27.05865
ZIO,Aug,26.5414,27.82915,25.9542,26.62805,26.28255,26.6653,24.9786,27.22995,27.1819,29.00435,26.1413,26.8151,27.5845,27.5037,26.0949,25.84825,26.52355,26.86835,28.23595,26.85215,27.33215
ZIO,Sep,24.20985,22.13925,22.88465,21.6709,24.62145,22.7141,23.2458,25.5613,22.5702,24.6749,23.3233,23.425,25.1912,23.8628,23.3746,23.35255,24.0067,24.5802,25.39995,24.41015,26.73595
ZIO,Oct,18.7609,17.091,17.23429,16.53488,19.22645,17.51025,18.7952,18.4655,16.59045,20.7758,16.411675,17.57055,18.2455,16.3482,17.8618,18.2918,19.0372,18.13265,19.64335,19.72105,20.051
ZIO,Nov,14.58823,14.16172,11.398265,15.595735,11.305335,14.998445,13.61063,13.523375,12.905045,12.44985,10.578495,13.25714,12.56923,13.437665,10.72091,11.389655,10.44254,15.2345,13.365165,13.061225,12.51005
ZIO,Dec,11.32503,8.27524,4.35224,11.56153,6.8988505,6.381553,7.859975,7.613276,11.08186,11.6703,11.24938,7.770375,3.76696,11.13476,11.780655,10.72193,9.99566,15.6506,9.858565,9.321245,10.285875